{"phien":1,"diceRolls":[4,6,5],"diceTotal":15}
{"phien":2,"diceRolls":[6,4,6],"diceTotal":16}
{"phien":3,"diceRolls":[3,3,6],"diceTotal":12}
{"phien":4,"diceRolls":[4,5,3],"diceTotal":12}
{"phien":5,"diceRolls":[5,3,5],"diceTotal":13}
{"phien":6,"diceRolls":[4,4,6],"diceTotal":14}
{"phien":7,"diceRolls":[5,6,3],"diceTotal":14}
{"phien":8,"diceRolls":[4,3,3],"diceTotal":10}
{"phien":9,"diceRolls":[6,6,6],"diceTotal":18}
{"phien":10,"diceRolls":[6,6,3],"diceTotal":15}
{"phien":11,"diceRolls":[5,5,5],"diceTotal":15}
{"phien":12,"diceRolls":[4,6,6],"diceTotal":16}
{"phien":13,"diceRolls":[6,5,6],"diceTotal":17}
{"phien":14,"diceRolls":[3,6,4],"diceTotal":13}
{"phien":15,"diceRolls":[4,4,6],"diceTotal":14}
{"phien":16,"diceRolls":[3,6,6],"diceTotal":15}
{"phien":17,"diceRolls":[3,3,4],"diceTotal":10}
