{"phien":1,"diceRolls":[3,4,4],"diceTotal":11}
{"phien":2,"diceRolls":[6,4,5],"diceTotal":15}
{"phien":3,"diceRolls":[3,5,3],"diceTotal":11}
{"phien":4,"diceRolls":[4,6,5],"diceTotal":15}
{"phien":5,"diceRolls":[5,6,6],"diceTotal":17}
{"phien":6,"diceRolls":[5,5,3],"diceTotal":13}
{"phien":7,"diceRolls":[4,4,5],"diceTotal":13}
{"phien":8,"diceRolls":[4,3,4],"diceTotal":11}
{"phien":9,"diceRolls":[6,4,5],"diceTotal":15}
{"phien":10,"diceRolls":[5,4,4],"diceTotal":13}
{"phien":11,"diceRolls":[6,5,4],"diceTotal":15}
{"phien":12,"diceRolls":[6,4,6],"diceTotal":16}
{"phien":13,"diceRolls":[5,5,3],"diceTotal":13}
{"phien":14,"diceRolls":[3,4,4],"diceTotal":11}
{"phien":15,"diceRolls":[5,5,4],"diceTotal":14}
{"phien":16,"diceRolls":[4,3,5],"diceTotal":12}
{"phien":17,"diceRolls":[5,6,3],"diceTotal":14}
{"phien":18,"diceRolls":[6,3,6],"diceTotal":15}
{"phien":19,"diceRolls":[5,5,5],"diceTotal":15}
{"phien":20,"diceRolls":[3,3,5],"diceTotal":11}
{"phien":21,"diceRolls":[5,3,3],"diceTotal":11}
{"phien":22,"diceRolls":[4,6,5],"diceTotal":15}
