{"phien":1,"diceRolls":[5,5,3],"diceTotal":13}
{"phien":2,"diceRolls":[3,5,6],"diceTotal":14}
{"phien":3,"diceRolls":[5,3,3],"diceTotal":11}
{"phien":4,"diceRolls":[4,4,6],"diceTotal":14}
{"phien":5,"diceRolls":[4,3,5],"diceTotal":12}
{"phien":6,"diceRolls":[4,4,5],"diceTotal":13}
{"phien":7,"diceRolls":[4,4,4],"diceTotal":12}
{"phien":8,"diceRolls":[3,5,5],"diceTotal":13}
{"phien":9,"diceRolls":[3,3,5],"diceTotal":11}
{"phien":10,"diceRolls":[6,3,3],"diceTotal":12}
{"phien":11,"diceRolls":[4,3,6],"diceTotal":13}
{"phien":12,"diceRolls":[4,5,3],"diceTotal":12}
{"phien":13,"diceRolls":[4,5,5],"diceTotal":14}
{"phien":14,"diceRolls":[6,4,3],"diceTotal":13}
{"phien":15,"diceRolls":[6,3,4],"diceTotal":13}
{"phien":16,"diceRolls":[3,6,5],"diceTotal":14}
{"phien":17,"diceRolls":[3,5,5],"diceTotal":13}
{"phien":18,"diceRolls":[3,3,5],"diceTotal":11}
{"phien":19,"diceRolls":[5,5,6],"diceTotal":16}
{"phien":20,"diceRolls":[4,5,4],"diceTotal":13}
{"phien":21,"diceRolls":[6,6,5],"diceTotal":17}
{"phien":22,"diceRolls":[6,4,6],"diceTotal":16}
{"phien":23,"diceRolls":[6,4,5],"diceTotal":15}
{"phien":24,"diceRolls":[3,6,3],"diceTotal":12}
{"phien":25,"diceRolls":[4,4,6],"diceTotal":14}
{"phien":26,"diceRolls":[4,5,4],"diceTotal":13}
{"phien":27,"diceRolls":[3,6,5],"diceTotal":14}
{"phien":28,"diceRolls":[3,4,6],"diceTotal":13}
{"phien":29,"diceRolls":[6,6,3],"diceTotal":15}
{"phien":30,"diceRolls":[4,3,5],"diceTotal":12}
{"phien":31,"diceRolls":[5,6,5],"diceTotal":16}
{"phien":32,"diceRolls":[6,6,3],"diceTotal":15}
{"phien":33,"diceRolls":[3,5,4],"diceTotal":12}
{"phien":34,"diceRolls":[4,4,5],"diceTotal":13}
{"phien":35,"diceRolls":[4,6,6],"diceTotal":16}
{"phien":36,"diceRolls":[3,3,6],"diceTotal":12}
{"phien":37,"diceRolls":[3,6,4],"diceTotal":13}
{"phien":38,"diceRolls":[3,6,6],"diceTotal":15}
{"phien":39,"diceRolls":[4,5,5],"diceTotal":14}
{"phien":40,"diceRolls":[6,6,5],"diceTotal":17}
{"phien":41,"diceRolls":[4,4,4],"diceTotal":12}
{"phien":42,"diceRolls":[6,3,5],"diceTotal":14}
{"phien":43,"diceRolls":[6,5,3],"diceTotal":14}
{"phien":44,"diceRolls":[3,5,4],"diceTotal":12}
{"phien":45,"diceRolls":[6,4,6],"diceTotal":16}
{"phien":46,"diceRolls":[5,5,6],"diceTotal":16}
{"phien":47,"diceRolls":[5,4,5],"diceTotal":14}
{"phien":48,"diceRolls":[3,4,3],"diceTotal":10}
{"phien":49,"diceRolls":[4,6,4],"diceTotal":14}
