{"phien":1,"diceRolls":[3,6,6],"diceTotal":15}
{"phien":2,"diceRolls":[3,4,6],"diceTotal":13}
{"phien":3,"diceRolls":[3,4,4],"diceTotal":11}
{"phien":4,"diceRolls":[5,6,5],"diceTotal":16}
{"phien":5,"diceRolls":[4,5,4],"diceTotal":13}
{"phien":6,"diceRolls":[4,3,6],"diceTotal":13}
{"phien":7,"diceRolls":[4,5,3],"diceTotal":12}
{"phien":8,"diceRolls":[3,4,6],"diceTotal":13}
{"phien":9,"diceRolls":[4,4,3],"diceTotal":11}
{"phien":10,"diceRolls":[5,3,4],"diceTotal":12}
{"phien":11,"diceRolls":[3,4,3],"diceTotal":10}
{"phien":12,"diceRolls":[6,5,6],"diceTotal":17}
{"phien":13,"diceRolls":[3,5,6],"diceTotal":14}
{"phien":14,"diceRolls":[5,5,4],"diceTotal":14}
{"phien":15,"diceRolls":[6,3,5],"diceTotal":14}
{"phien":16,"diceRolls":[5,4,3],"diceTotal":12}
{"phien":17,"diceRolls":[6,3,5],"diceTotal":14}
{"phien":18,"diceRolls":[3,3,6],"diceTotal":12}
{"phien":19,"diceRolls":[5,3,5],"diceTotal":13}
{"phien":20,"diceRolls":[5,5,5],"diceTotal":15}
{"phien":21,"diceRolls":[6,3,5],"diceTotal":14}
{"phien":22,"diceRolls":[4,5,4],"diceTotal":13}
{"phien":23,"diceRolls":[5,6,6],"diceTotal":17}
{"phien":24,"diceRolls":[6,6,4],"diceTotal":16}
{"phien":25,"diceRolls":[6,3,6],"diceTotal":15}
{"phien":26,"diceRolls":[4,4,3],"diceTotal":11}
{"phien":27,"diceRolls":[6,6,6],"diceTotal":18}
{"phien":28,"diceRolls":[6,4,5],"diceTotal":15}
{"phien":29,"diceRolls":[3,6,4],"diceTotal":13}
{"phien":30,"diceRolls":[5,3,5],"diceTotal":13}
{"phien":31,"diceRolls":[6,5,5],"diceTotal":16}
{"phien":32,"diceRolls":[3,6,3],"diceTotal":12}
{"phien":33,"diceRolls":[6,3,5],"diceTotal":14}
{"phien":34,"diceRolls":[3,3,3],"diceTotal":9}
{"phien":35,"diceRolls":[4,3,3],"diceTotal":10}
{"phien":36,"diceRolls":[5,6,4],"diceTotal":15}
{"phien":37,"diceRolls":[5,5,5],"diceTotal":15}
{"phien":38,"diceRolls":[4,5,3],"diceTotal":12}
{"phien":39,"diceRolls":[3,4,6],"diceTotal":13}
{"phien":40,"diceRolls":[4,5,5],"diceTotal":14}
{"phien":41,"diceRolls":[6,4,3],"diceTotal":13}
{"phien":42,"diceRolls":[4,5,6],"diceTotal":15}
{"phien":43,"diceRolls":[5,4,6],"diceTotal":15}
{"phien":44,"diceRolls":[6,3,3],"diceTotal":12}
{"phien":45,"diceRolls":[4,4,5],"diceTotal":13}
{"phien":46,"diceRolls":[4,5,4],"diceTotal":13}
{"phien":47,"diceRolls":[3,4,3],"diceTotal":10}
{"phien":48,"diceRolls":[5,6,3],"diceTotal":14}
{"phien":49,"diceRolls":[3,6,6],"diceTotal":15}
{"phien":50,"diceRolls":[6,5,6],"diceTotal":17}
{"phien":51,"diceRolls":[6,5,3],"diceTotal":14}
{"phien":52,"diceRolls":[6,4,6],"diceTotal":16}
{"phien":53,"diceRolls":[4,3,5],"diceTotal":12}
{"phien":54,"diceRolls":[5,5,3],"diceTotal":13}
{"phien":55,"diceRolls":[6,4,5],"diceTotal":15}
{"phien":56,"diceRolls":[4,6,6],"diceTotal":16}
{"phien":57,"diceRolls":[3,6,3],"diceTotal":12}
{"phien":58,"diceRolls":[4,6,4],"diceTotal":14}
{"phien":59,"diceRolls":[6,5,6],"diceTotal":17}
{"phien":60,"diceRolls":[6,4,6],"diceTotal":16}
{"phien":61,"diceRolls":[3,5,3],"diceTotal":11}
{"phien":62,"diceRolls":[4,5,5],"diceTotal":14}
{"phien":63,"diceRolls":[5,6,3],"diceTotal":14}
{"phien":64,"diceRolls":[4,3,6],"diceTotal":13}
{"phien":65,"diceRolls":[3,6,5],"diceTotal":14}
{"phien":66,"diceRolls":[5,3,6],"diceTotal":14}
{"phien":67,"diceRolls":[3,4,6],"diceTotal":13}
{"phien":68,"diceRolls":[5,4,3],"diceTotal":12}
{"phien":69,"diceRolls":[4,3,6],"diceTotal":13}
{"phien":70,"diceRolls":[4,3,5],"diceTotal":12}
{"phien":71,"diceRolls":[4,3,4],"diceTotal":11}
{"phien":72,"diceRolls":[5,4,6],"diceTotal":15}
{"phien":73,"diceRolls":[6,4,3],"diceTotal":13}
{"phien":74,"diceRolls":[5,3,5],"diceTotal":13}
{"phien":75,"diceRolls":[6,5,3],"diceTotal":14}
{"phien":76,"diceRolls":[4,5,4],"diceTotal":13}
{"phien":77,"diceRolls":[5,3,3],"diceTotal":11}
{"phien":78,"diceRolls":[3,4,3],"diceTotal":10}
{"phien":79,"diceRolls":[5,4,4],"diceTotal":13}
{"phien":80,"diceRolls":[3,6,4],"diceTotal":13}
{"phien":81,"diceRolls":[5,5,5],"diceTotal":15}
{"phien":82,"diceRolls":[5,5,3],"diceTotal":13}
{"phien":83,"diceRolls":[5,4,6],"diceTotal":15}
{"phien":84,"diceRolls":[5,5,3],"diceTotal":13}
{"phien":85,"diceRolls":[4,3,5],"diceTotal":12}
{"phien":86,"diceRolls":[6,3,6],"diceTotal":15}
{"phien":87,"diceRolls":[3,4,6],"diceTotal":13}
